{
    "mean_psnr": 18.17837212548017,
    "mean_ssim": 0.6741799067438038,
    "mean_lpips": 0.35536540447367043
}