{
    "rmse": 0.0006972993810186753,
    "mean": 0.0006650353951837844,
    "median": 0.0005829102179304435,
    "std": 0.00020965292729121534,
    "min": 0.00045720132779798257,
    "max": 0.001131542647371046,
    "sse": 9.724528535380557e-06
}