{
    "rmse": 0.0015817854505961188,
    "mean": 0.0015050785686483218,
    "median": 0.0013625123203635792,
    "std": 0.00048660426828490337,
    "min": 0.0006515799526095534,
    "max": 0.002502331759657001,
    "sse": 0.00015012271270305403
}