{
    "rmse": 0.002512371520895542,
    "mean": 0.0023039979770653686,
    "median": 0.0024178686202467542,
    "std": 0.0010018003696773469,
    "min": 0.00011983289519846218,
    "max": 0.0038672734348988184,
    "sse": 0.0007574412790808376
}