{
    "rmse": 0.0024358723257415374,
    "mean": 0.0022157724216184315,
    "median": 0.0019192469268844955,
    "std": 0.0010118431513375362,
    "min": 0.00045369775358348194,
    "max": 0.004667556143387189,
    "sse": 0.00047467791898507885
}