{
    "rmse": 0.001123626466462744,
    "mean": 0.0010254433765424253,
    "median": 0.0009521965098341482,
    "std": 0.000459349885861335,
    "min": 0.0004047419597087775,
    "max": 0.003167554403062424,
    "sse": 5.050145744542209e-05
}