{
    "rmse": 0.0024809790549818376,
    "mean": 0.002294013791916352,
    "median": 0.0022672490544176378,
    "std": 0.0009448586104577407,
    "min": 0.0002622063224569233,
    "max": 0.0038981622237874753,
    "sse": 0.0006155257071258571
}