{
    "mean_psnr": 25.357130816054447,
    "mean_ssim": 0.6657913725647292,
    "mean_lpips": 0.43602058464109644
}