{
    "rmse": 0.004809880352649994,
    "mean": 0.00417017396917551,
    "median": 0.003503767925695192,
    "std": 0.0023967891174693327,
    "min": 0.0005526601471555581,
    "max": 0.010483242645675255,
    "sse": 0.0016194464304765904
}