{
    "rmse": 0.0050838278104105095,
    "mean": 0.004707031871288531,
    "median": 0.003937238722460934,
    "std": 0.0019207176181253978,
    "min": 0.0009786446187001687,
    "max": 0.009961567137049676,
    "sse": 0.002842983572649365
}