{
    "rmse": 0.0036618260122705856,
    "mean": 0.0034932189276497575,
    "median": 0.003961961741314926,
    "std": 0.00109835844224505,
    "min": 0.0012684322355597196,
    "max": 0.005235972126660818,
    "sse": 0.0003352242436035374
}