{
    "rmse": 0.00460787454992652,
    "mean": 0.004088177150564161,
    "median": 0.0035496091396380472,
    "std": 0.002125868164648415,
    "min": 0.0012047326221564438,
    "max": 0.010662261038887856,
    "sse": 0.0019109257081074472
}