{
    "rmse": 0.005841539479991268,
    "mean": 0.005416744857705262,
    "median": 0.00457484817480677,
    "std": 0.002186883317148001,
    "min": 0.0026456835648497714,
    "max": 0.010761555868027968,
    "sse": 0.0013649433398518658
}