{
    "rmse": 0.003172154003974167,
    "mean": 0.002952356444745531,
    "median": 0.002771197462558894,
    "std": 0.0011602380997445606,
    "min": 0.0013594056338559544,
    "max": 0.005407624120639839,
    "sse": 0.0001509384153739401
}