{
    "rmse": 0.002975320506805128,
    "mean": 0.0028391282354013445,
    "median": 0.0030667618841271616,
    "std": 0.0008898780709524038,
    "min": 0.0014541021144851547,
    "max": 0.004129209585552286,
    "sse": 4.426266059107561e-05
}