{
    "rmse": 0.0046887983977681935,
    "mean": 0.004039377933906997,
    "median": 0.0034107485972637353,
    "std": 0.0023808100138353805,
    "min": 0.0006597221059587297,
    "max": 0.010572457552989321,
    "sse": 0.0016488622811185187
}