{
    "rmse": 0.005086211228971202,
    "mean": 0.004760186329266512,
    "median": 0.004223093355404129,
    "std": 0.0017916949451223445,
    "min": 0.0011964119143273385,
    "max": 0.010073915012098218,
    "sse": 0.003104345359885529
}