{
    "rmse": 0.005604260413379589,
    "mean": 0.00513168682723927,
    "median": 0.004555124585385036,
    "std": 0.002252448687120865,
    "min": 0.002282786477312266,
    "max": 0.010928613965067363,
    "sse": 0.0014133480651438103
}