{
    "rmse": 0.005922929749230036,
    "mean": 0.00515858922407965,
    "median": 0.004626645498000528,
    "std": 0.0029103357248818395,
    "min": 0.0012359300394768813,
    "max": 0.02282598659790823,
    "sse": 0.004735948069932414
}