{
    "rmse": 0.004980079882110928,
    "mean": 0.004416543122491032,
    "median": 0.003636666093390853,
    "std": 0.0023011611154769586,
    "min": 0.0004953811878772277,
    "max": 0.01048099095120424,
    "sse": 0.0016120777160933896
}