{
    "rmse": 0.004900898362028207,
    "mean": 0.004443577630486571,
    "median": 0.003738152565872942,
    "std": 0.002067225821425931,
    "min": 0.0013743400538750441,
    "max": 0.010259850000126391,
    "sse": 0.0024018804754930762
}