{
    "rmse": 0.005103150455876148,
    "mean": 0.004789447642015199,
    "median": 0.004424465062928312,
    "std": 0.0017616287519520105,
    "min": 0.001384332829490403,
    "max": 0.010134537705840316,
    "sse": 0.0032552680719136174
}