{
    "rmse": 0.008565675704904888,
    "mean": 0.006531583201014882,
    "median": 0.005357161039087855,
    "std": 0.00554159013008162,
    "min": 0.0014313422272758704,
    "max": 0.0330017368135243,
    "sse": 0.010271912039423698
}