{
    "rmse": 0.00460249205460986,
    "mean": 0.004026189704965852,
    "median": 0.0034192618286805337,
    "std": 0.0022299617872003712,
    "min": 0.0009994084862535544,
    "max": 0.010925649166824028,
    "sse": 0.0018005493145834852
}