{
    "rmse": 0.009271112092732375,
    "mean": 0.007569029684141424,
    "median": 0.0064546117226526555,
    "std": 0.005353812573913515,
    "min": 0.0011443060077390781,
    "max": 0.03030773771545364,
    "sse": 0.012893027915401272
}