{
    "rmse": 0.00474361319135583,
    "mean": 0.004254366902348749,
    "median": 0.003690573824958184,
    "std": 0.0020981487958208673,
    "min": 0.0014062745460107194,
    "max": 0.010392092231295537,
    "sse": 0.002137677280374479
}