{
    "rmse": 0.009301151095033199,
    "mean": 0.007693875249251936,
    "median": 0.006949677309957978,
    "std": 0.0052264419389854225,
    "min": 0.0008906441664900356,
    "max": 0.02997567867887274,
    "sse": 0.013409268812358776
}