{
    "rmse": 0.005452298482737112,
    "mean": 0.004999446372028882,
    "median": 0.004221996207644334,
    "std": 0.00217556767719707,
    "min": 0.002018452308168024,
    "max": 0.010780390338745935,
    "sse": 0.0014863779372428709
}