{
    "rmse": 0.009389914441137709,
    "mean": 0.007880601950689332,
    "median": 0.007320243689795068,
    "std": 0.005105546602145357,
    "min": 0.0006844930927409264,
    "max": 0.029547701296680776,
    "sse": 0.01410727891390184
}