{
    "rmse": 0.005056343844079975,
    "mean": 0.004730805090590984,
    "median": 0.0044075471749806545,
    "std": 0.001784963939244683,
    "min": 0.0014430225220842237,
    "max": 0.01017063852479469,
    "sse": 0.00332365969904351
}