{
    "rmse": 0.002709368569764454,
    "mean": 0.002492069087608345,
    "median": 0.002214826250489508,
    "std": 0.0010631414343418237,
    "min": 0.001392943384725309,
    "max": 0.004825454937893441,
    "sse": 7.340678046827483e-05
}