{
    "rmse": 0.005321916938485996,
    "mean": 0.004882614492026764,
    "median": 0.003948091414451219,
    "std": 0.002117280241818354,
    "min": 0.0022848901890245212,
    "max": 0.01059479409888673,
    "sse": 0.0015577539945079287
}