{
    "rmse": 0.005432504012915249,
    "mean": 0.004983203779119973,
    "median": 0.004187714378015976,
    "std": 0.0021632799047059765,
    "min": 0.002608524703746504,
    "max": 0.009335002846762893,
    "sse": 0.0008853629955102084
}