{
    "rmse": 0.005329150915266966,
    "mean": 0.004952191425935145,
    "median": 0.0042607271332987745,
    "std": 0.0019686669496349987,
    "min": 0.002587950036900056,
    "max": 0.00968519518144118,
    "sse": 0.000993994731719176
}