{
    "rmse": 0.009348005970862721,
    "mean": 0.007927973901365435,
    "median": 0.007591188568652679,
    "std": 0.004953023869370466,
    "min": 0.0006275817947428951,
    "max": 0.02920717984273777,
    "sse": 0.014418560579162038
}