{
    "rmse": 0.005168557585227838,
    "mean": 0.004703324820299805,
    "median": 0.0037538244276983084,
    "std": 0.002143063962313777,
    "min": 0.002123676205314486,
    "max": 0.01051679962231316,
    "sse": 0.0016028392507089733
}