{
    "rmse": 0.005086554625442757,
    "mean": 0.004739016933236547,
    "median": 0.004107888620751589,
    "std": 0.0018479059673344811,
    "min": 0.0010462223296953859,
    "max": 0.010013372340399385,
    "sse": 0.002975399365125507
}