{
    "rmse": 0.00466098046415111,
    "mean": 0.004050112220368333,
    "median": 0.0034542996672749975,
    "std": 0.0023068007910570423,
    "min": 0.0010098894183947459,
    "max": 0.010819237948427327,
    "sse": 0.0017379791109758639
}