{
    "rmse": 0.009185417047352467,
    "mean": 0.007295102624667526,
    "median": 0.0059487104637002824,
    "std": 0.0055815198673266645,
    "min": 0.0013278757608193423,
    "max": 0.031075506775135636,
    "sse": 0.01223392351840003
}