{
    "rmse": 0.0033429541311220537,
    "mean": 0.003257272558146485,
    "median": 0.0033661758097143493,
    "std": 0.0007520091786220791,
    "min": 0.0019357162345779834,
    "max": 0.004507680881709033,
    "sse": 0.00022350684645572008
}