{
    "rmse": 0.004992543577265482,
    "mean": 0.004579038841936333,
    "median": 0.003859801526271398,
    "std": 0.001989445816033496,
    "min": 0.0010880866397966226,
    "max": 0.010079105864150225,
    "sse": 0.0026171765939439562
}