{
    "rmse": 0.009333085687184507,
    "mean": 0.007924393397332346,
    "median": 0.0075660396729058015,
    "std": 0.004930565660108766,
    "min": 0.0006155512809223846,
    "max": 0.02915791022785737,
    "sse": 0.0144596770817585
}