{
    "mean_psnr": 21.918300595126308,
    "mean_ssim": 0.7604557117263039,
    "mean_lpips": 0.3116925491736485
}