{
    "rmse": 0.0034945040012761895,
    "mean": 0.003304217304048612,
    "median": 0.0031167397803714553,
    "std": 0.0011374120724526441,
    "min": 0.0012790327616747994,
    "max": 0.005349198513837126,
    "sse": 0.0003052889553733825
}