{
    "rmse": 0.00499664637747256,
    "mean": 0.004411441160939714,
    "median": 0.0035062405684712686,
    "std": 0.0023464146916256107,
    "min": 0.000819628542669672,
    "max": 0.010163339993816077,
    "sse": 0.0016228208763981273
}