{
    "rmse": 0.00915100749424836,
    "mean": 0.007210048404868689,
    "median": 0.00566189151843564,
    "std": 0.005635258659479626,
    "min": 0.001500386289168525,
    "max": 0.03604928800149347,
    "sse": 0.012561140723968448
}