{
    "rmse": 0.003104405419427966,
    "mean": 0.002961627389276201,
    "median": 0.003063967545057663,
    "std": 0.000930642904267132,
    "min": 0.0013867456721898385,
    "max": 0.004523588996888453,
    "sse": 0.00019274666016347452
}