{
    "rmse": 0.004682505851758773,
    "mean": 0.004169759686323012,
    "median": 0.0034783490259504522,
    "std": 0.0021304847359393513,
    "min": 0.0006344813663357916,
    "max": 0.010062608984244775,
    "sse": 0.0023022154104342905
}