{
    "rmse": 0.004794421542749717,
    "mean": 0.0044383900048234615,
    "median": 0.004043102505709787,
    "std": 0.0018130560097983116,
    "min": 0.0010718844764671033,
    "max": 0.009467879773572078,
    "sse": 0.0029882421308457347
}