{
    "rmse": 0.004486042083899235,
    "mean": 0.0038335240697869206,
    "median": 0.003209400764346626,
    "std": 0.0023299499532992807,
    "min": 0.0007033860796311356,
    "max": 0.010655529232411103,
    "sse": 0.0018112116220663492
}