{
    "rmse": 0.0046690408447955,
    "mean": 0.003941849433631654,
    "median": 0.0031985559219485974,
    "std": 0.002502351984223343,
    "min": 0.0005435730608067864,
    "max": 0.01022563869692984,
    "sse": 0.001634995680777651
}