{
    "rmse": 0.0054018010022281685,
    "mean": 0.004946965076138013,
    "median": 0.00461169352806286,
    "std": 0.0021695600021995384,
    "min": 0.0019325075651923677,
    "max": 0.009640435917774977,
    "sse": 0.0010212808923685634
}