{
    "rmse": 0.009268410724157147,
    "mean": 0.007486455166632252,
    "median": 0.006013679130539292,
    "std": 0.005464103438778997,
    "min": 0.0012399592505388565,
    "max": 0.035403577265804495,
    "sse": 0.013315032789509035
}