{
    "rmse": 0.0051720082886738804,
    "mean": 0.004653647458144452,
    "median": 0.0037130434110991106,
    "std": 0.002256819681192318,
    "min": 0.0018496442942306332,
    "max": 0.010163266408259531,
    "sse": 0.0016049801842866792
}