{
    "rmse": 0.005091540646990418,
    "mean": 0.004448998330534573,
    "median": 0.0034967753346221682,
    "std": 0.00247592407291827,
    "min": 0.0018651868216228544,
    "max": 0.010688316941199935,
    "sse": 0.0007777135847986682
}