{
    "rmse": 0.004820572334596912,
    "mean": 0.004143103416352464,
    "median": 0.0033763608459723097,
    "std": 0.002464266973055004,
    "min": 0.0005083314874318919,
    "max": 0.010176383872485007,
    "sse": 0.0016266542343156788
}