{
    "rmse": 0.006185497218710379,
    "mean": 0.0051313418070471585,
    "median": 0.004243317676379721,
    "std": 0.003453940807530413,
    "min": 0.0006669787808993504,
    "max": 0.026153876868638088,
    "sse": 0.005356452617974337
}