{
    "rmse": 0.0047364554548351145,
    "mean": 0.004278633176850626,
    "median": 0.003570293692654298,
    "std": 0.002031577813816258,
    "min": 0.000620384973020891,
    "max": 0.009894058779973578,
    "sse": 0.0024677411303201044
}