{
    "rmse": 0.00940661968949258,
    "mean": 0.007718698605510793,
    "median": 0.006464108027689468,
    "std": 0.00537644732328284,
    "min": 0.0008814875012944357,
    "max": 0.035008950893884526,
    "sse": 0.014157519037239916
}