{
    "rmse": 0.0025195242702171186,
    "mean": 0.002321546148997081,
    "median": 0.002178015746828508,
    "std": 0.0009789923525186112,
    "min": 0.0011304778256138225,
    "max": 0.005011010315766532,
    "sse": 9.522003822319657e-05
}