{
    "rmse": 0.004779757357610457,
    "mean": 0.004364917327209081,
    "median": 0.00365872964954704,
    "std": 0.0019477107393710248,
    "min": 0.0006578019561079794,
    "max": 0.009727467775609218,
    "sse": 0.0026272992457275993
}