{
    "rmse": 0.004768286072569439,
    "mean": 0.004380149335662458,
    "median": 0.003858297182015665,
    "std": 0.0018843682939264853,
    "min": 0.0007385288071845784,
    "max": 0.009634398400498147,
    "sse": 0.0027283862483831623
}