{
    "rmse": 0.009636855112006456,
    "mean": 0.008023957675712682,
    "median": 0.006907980616414913,
    "std": 0.005337141525964674,
    "min": 0.0005225576334228584,
    "max": 0.03454315386671826,
    "sse": 0.01532338111421782
}