{
    "rmse": 0.004445924847284292,
    "mean": 0.00383652865634596,
    "median": 0.003250945927561042,
    "std": 0.002246618707465983,
    "min": 0.0007310840431455893,
    "max": 0.01042890341530132,
    "sse": 0.0018777935360314861
}