{
    "rmse": 0.0027068641658304308,
    "mean": 0.0024990859830509504,
    "median": 0.002485105104706259,
    "std": 0.0010400398365327842,
    "min": 0.0009087958436849728,
    "max": 0.0049262603855954445,
    "sse": 7.327113612256875e-05
}