{
    "rmse": 0.004570523363529236,
    "mean": 0.0038509137540023775,
    "median": 0.003089718919830963,
    "std": 0.0024617365975672374,
    "min": 0.0006135267932366418,
    "max": 0.010384820095519881,
    "sse": 0.001671174705325328
}