{
    "rmse": 0.005483710940388206,
    "mean": 0.004970506453511327,
    "median": 0.004267401646177504,
    "std": 0.002316279618987213,
    "min": 0.0022375756105396153,
    "max": 0.010429450078884205,
    "sse": 0.001503554283886665
}