{
    "rmse": 0.008694289075245816,
    "mean": 0.00657234899190517,
    "median": 0.00520168642670377,
    "std": 0.0056916510128908835,
    "min": 0.0014200399439050384,
    "max": 0.03738941861113837,
    "sse": 0.010960646065971117
}