{
    "rmse": 0.004579328270611977,
    "mean": 0.004011772299981059,
    "median": 0.0033121260935858963,
    "std": 0.0022081509058782087,
    "min": 0.0008849546010716757,
    "max": 0.010174138885329106,
    "sse": 0.0020970247410026076
}