{
    "rmse": 0.005660347655026216,
    "mean": 0.005175365588915838,
    "median": 0.004851045046435944,
    "std": 0.002292406289649939,
    "min": 0.0021181291659136976,
    "max": 0.011082240158524603,
    "sse": 0.0012815814230304314
}