{
    "rmse": 0.004563907921138264,
    "mean": 0.0038884525349364967,
    "median": 0.003241004483384028,
    "std": 0.00238939163725299,
    "min": 0.0006647556995533321,
    "max": 0.01068711127022558,
    "sse": 0.00177048671857343
}