{
    "rmse": 0.00478174946844171,
    "mean": 0.004415386964576397,
    "median": 0.004093835341554693,
    "std": 0.0018356159543846374,
    "min": 0.0008971447873415378,
    "max": 0.009524896855040406,
    "sse": 0.002858140997367822
}