{
    "rmse": 0.004885347204692579,
    "mean": 0.004474659341435864,
    "median": 0.004028044045753757,
    "std": 0.0019606226277635273,
    "min": 0.0012555899076011254,
    "max": 0.012956745549383671,
    "sse": 0.003221993336903675
}