{
    "rmse": 0.0053238909586751995,
    "mean": 0.00481950491240211,
    "median": 0.003677237500210431,
    "std": 0.002261899055925235,
    "min": 0.00216889673154985,
    "max": 0.010259294188714775,
    "sse": 0.0015589098216924942
}