{
    "rmse": 0.0025722334265249505,
    "mean": 0.0024995801077747288,
    "median": 0.002142725092346972,
    "std": 0.0006070288999291262,
    "min": 0.0018447398062258079,
    "max": 0.0034061757048258743,
    "sse": 3.3081924002661443e-05
}