{
    "rmse": 0.0057228490028390444,
    "mean": 0.005245273506542528,
    "median": 0.00520811423038413,
    "std": 0.0022886910125350882,
    "min": 0.002169215785513,
    "max": 0.010299839229748657,
    "sse": 0.001473795031918313
}