{
    "rmse": 0.014531287795285851,
    "mean": 0.013125361502169527,
    "median": 0.01179721838147341,
    "std": 0.006235640338152103,
    "min": 0.0028251914213037422,
    "max": 0.03456016203557912,
    "sse": 0.02322741574883659
}