{
    "rmse": 0.013898465978093008,
    "mean": 0.012445908519573699,
    "median": 0.01248795200591264,
    "std": 0.006186009834021576,
    "min": 0.002924584269897235,
    "max": 0.02759434909455846,
    "sse": 0.008692531044489396
}