{
    "rmse": 0.015194264292142835,
    "mean": 0.013988529989184517,
    "median": 0.013587378965162093,
    "std": 0.005931837499558822,
    "min": 0.0041093350659285495,
    "max": 0.03285866568710816,
    "sse": 0.020777910064153814
}