{
    "rmse": 0.015939715459016963,
    "mean": 0.014672018209352898,
    "median": 0.01443089700186386,
    "std": 0.0062294791579104985,
    "min": 0.003168752908544353,
    "max": 0.030131412282300457,
    "sse": 0.016514844379437583
}