{
    "rmse": 0.014893535915098115,
    "mean": 0.01359045972093646,
    "median": 0.011972787083116544,
    "std": 0.006092357230819707,
    "min": 0.0033346078736552717,
    "max": 0.03405141527218189,
    "sse": 0.022181741205431742
}