{
    "rmse": 0.01576808518178924,
    "mean": 0.014704253529640724,
    "median": 0.014143798788799993,
    "std": 0.005693631392723776,
    "min": 0.004358550099389883,
    "max": 0.03086527286199999,
    "sse": 0.018647438272512112
}