{
    "rmse": 0.008848885527978214,
    "mean": 0.00782690942594309,
    "median": 0.007440873707030983,
    "std": 0.004128227697856003,
    "min": 0.0004755327927055382,
    "max": 0.017292149447684802,
    "sse": 0.002349083252617868
}