{
    "rmse": 0.015205518437074463,
    "mean": 0.013993236874717532,
    "median": 0.013495240972474584,
    "std": 0.005949547269184182,
    "min": 0.0024235065720545046,
    "max": 0.03195311401154743,
    "sse": 0.019652662229917968
}