{
    "rmse": 0.015746245169922738,
    "mean": 0.014094485300554089,
    "median": 0.013340109107858253,
    "std": 0.007020663862041817,
    "min": 0.001621082795132705,
    "max": 0.02866663572279558,
    "sse": 0.013636933032322333
}