{
    "rmse": 0.00625511677458301,
    "mean": 0.005649994655228403,
    "median": 0.00527747103926419,
    "std": 0.0026840354430521674,
    "min": 0.002457203848340997,
    "max": 0.013062121743504983,
    "sse": 0.0007825297172733953
}