{
    "rmse": 0.01199516441897731,
    "mean": 0.010812051300344818,
    "median": 0.010192067008454748,
    "std": 0.005194566018158892,
    "min": 0.003269816098782438,
    "max": 0.02248940906085548,
    "sse": 0.00575535877753197
}