{
    "rmse": 0.005066269836464657,
    "mean": 0.0048342409955369385,
    "median": 0.004750427914154547,
    "std": 0.0015156530120517874,
    "min": 0.002914226629234491,
    "max": 0.006582246524361001,
    "sse": 0.0001283354502793581
}