{
    "rmse": 0.00728244913576788,
    "mean": 0.0065074861311719525,
    "median": 0.005972318955792898,
    "std": 0.0032690502699791947,
    "min": 0.002093487737369652,
    "max": 0.014710734073367735,
    "sse": 0.0013258516353761587
}