{
    "rmse": 0.0146293568255795,
    "mean": 0.013235387237562858,
    "median": 0.011678721902888095,
    "std": 0.0062323836372521054,
    "min": 0.0034765210897623167,
    "max": 0.03434698272663387,
    "sse": 0.022471898518663602
}