{
    "rmse": 0.006178073666500373,
    "mean": 0.005588799849547979,
    "median": 0.005015677986067628,
    "std": 0.0026332319439042674,
    "min": 0.0014859236575931348,
    "max": 0.011480496391871596,
    "sse": 0.0005725289134305804
}