{
    "rmse": 0.00484973989004837,
    "mean": 0.0044824787941066474,
    "median": 0.004313416958609513,
    "std": 0.0018513132802177458,
    "min": 0.002072975250034945,
    "max": 0.008289489272418769,
    "sse": 0.00023519977001126377
}