{
    "rmse": 0.015900596622038868,
    "mean": 0.014765854352303992,
    "median": 0.01467783803564959,
    "std": 0.005899026884439418,
    "min": 0.003794042383309121,
    "max": 0.03048483608286195,
    "sse": 0.017698028105575567
}