{
    "rmse": 0.016004063664490337,
    "mean": 0.014587964966522994,
    "median": 0.014593865415357316,
    "std": 0.006581894249572652,
    "min": 0.0030141926907619244,
    "max": 0.02935882219519332,
    "sse": 0.015367803226623589
}