{
    "rmse": 0.014609109111157164,
    "mean": 0.013092759138762127,
    "median": 0.01268445457807164,
    "std": 0.006481182543028399,
    "min": 0.0014252233598802345,
    "max": 0.026227473670637762,
    "sse": 0.010671303451084763
}