{
    "rmse": 0.01538065608037818,
    "mean": 0.014205053250207895,
    "median": 0.013788074521442595,
    "std": 0.005897545559097646,
    "min": 0.002797728464272044,
    "max": 0.03122721124153958,
    "sse": 0.01892516651702994
}