{
    "rmse": 0.010069358775407277,
    "mean": 0.008999952013665463,
    "median": 0.007942635938386327,
    "std": 0.004515844317466066,
    "min": 0.0017376769109378163,
    "max": 0.019931338748580413,
    "sse": 0.0035487195151755043
}