{
    "rmse": 0.015127832867846011,
    "mean": 0.013885026193179316,
    "median": 0.012575405082156885,
    "std": 0.00600477933751161,
    "min": 0.003318114950399429,
    "max": 0.03372134887227752,
    "sse": 0.021740876091360797
}