{
    "rmse": 0.002954030987848708,
    "mean": 0.0027479296317334282,
    "median": 0.0026568228389280885,
    "std": 0.001084058031754665,
    "min": 0.0011223016257577518,
    "max": 0.004164484025365363,
    "sse": 8.726299077170415e-05
}