{
    "rmse": 0.006145594412156086,
    "mean": 0.005514052823417574,
    "median": 0.004838114074509416,
    "std": 0.0027135865822348107,
    "min": 0.00113997152348111,
    "max": 0.012605666540774947,
    "sse": 0.002077258187329826
}