{
    "rmse": 0.005436761616710531,
    "mean": 0.004742613974200094,
    "median": 0.004262459854146418,
    "std": 0.002658192914116447,
    "min": 0.0010722137307692487,
    "max": 0.012391854289953779,
    "sse": 0.002512462034539637
}