{
    "rmse": 0.005566815365231675,
    "mean": 0.004890533831366917,
    "median": 0.004362353124458755,
    "std": 0.0026593443091926035,
    "min": 0.0012635914694180278,
    "max": 0.012451474775472614,
    "sse": 0.002479154664846357
}