{
    "rmse": 0.005910269937328438,
    "mean": 0.005357439505041576,
    "median": 0.004629559515848403,
    "std": 0.0024958230469943514,
    "min": 0.0012533404509284583,
    "max": 0.012341038161274638,
    "sse": 0.002445190351246181
}