{
    "rmse": 0.2663628644089122,
    "mean": 0.2043798718354893,
    "median": 0.14829211348463514,
    "std": 0.17081581754811098,
    "min": 0.049445642636185866,
    "max": 0.6872944677543369,
    "sse": 13.125597474182303
}