{
    "rmse": 0.18632852158019594,
    "mean": 0.12680458961325594,
    "median": 0.09438086550983932,
    "std": 0.13652440810080554,
    "min": 0.009811790121564115,
    "max": 0.5972402842368286,
    "sse": 5.902114052224464
}