{
    "rmse": 0.005369933435186657,
    "mean": 0.004814783023451773,
    "median": 0.004379864193189743,
    "std": 0.002377824538399789,
    "min": 0.001054369254658807,
    "max": 0.01238343735988751,
    "sse": 0.0031719803608169133
}