{
    "rmse": 0.005736900953360272,
    "mean": 0.00512953791568405,
    "median": 0.004458234350907498,
    "std": 0.0025690218605970883,
    "min": 0.001305056855722449,
    "max": 0.01243863779613586,
    "sse": 0.0024684024411499505
}