{
    "rmse": 0.2743385962935445,
    "mean": 0.2140087964944456,
    "median": 0.15015427217071278,
    "std": 0.17164469242977298,
    "min": 0.05838581046498422,
    "max": 0.6819925946986021,
    "sse": 14.07393143285042
}