{
    "rmse": 0.005207444656972425,
    "mean": 0.004612470540677052,
    "median": 0.004230868012667092,
    "std": 0.002417146120286688,
    "min": 0.0009911006805944094,
    "max": 0.012356383842580818,
    "sse": 0.0028473353848202185
}