{
    "rmse": 0.006020145762780202,
    "mean": 0.00546242617135126,
    "median": 0.004878189580222883,
    "std": 0.00253062350571104,
    "min": 0.0010796377546864967,
    "max": 0.01213446895296736,
    "sse": 0.002355740075332827
}