{
    "rmse": 0.006230402385498172,
    "mean": 0.005556011587408969,
    "median": 0.004772127592981922,
    "std": 0.002819334872944074,
    "min": 0.0017308703136771017,
    "max": 0.012947795009812052,
    "sse": 0.0019408956942610657
}