{
    "rmse": 0.005271921075835345,
    "mean": 0.0045978599098073746,
    "median": 0.004121131020757274,
    "std": 0.00257930922528165,
    "min": 0.0012841037486454824,
    "max": 0.012517192690238757,
    "sse": 0.0026403494238345054
}