{
    "rmse": 0.006090844819142614,
    "mean": 0.00550501018932395,
    "median": 0.004993145199450899,
    "std": 0.002606387044610967,
    "min": 0.0009882333767604328,
    "max": 0.012333648186318887,
    "sse": 0.002225903436652585
}