{
    "rmse": 0.0033907101053032027,
    "mean": 0.003124820309530885,
    "median": 0.003352265270728533,
    "std": 0.0013162116286329348,
    "min": 0.0011015159284447588,
    "max": 0.0049430876757074575,
    "sse": 0.00022993830036410512
}