{
    "rmse": 0.005931522755300871,
    "mean": 0.005374029832335478,
    "median": 0.004633448945325658,
    "std": 0.002510530931460588,
    "min": 0.0023667849799601614,
    "max": 0.010519724905751352,
    "sse": 0.0010554888658995613
}