{
    "rmse": 0.005523785265954737,
    "mean": 0.005052298461653316,
    "median": 0.004673787898524854,
    "std": 0.0022330436446147185,
    "min": 0.0014343362966403714,
    "max": 0.01233435704713248,
    "sse": 0.0036614644397254376
}