{
    "rmse": 0.2175299212468829,
    "mean": 0.15283408586783817,
    "median": 0.10842566043169147,
    "std": 0.1547934392492697,
    "min": 0.011055279878994783,
    "max": 0.7119070486098005,
    "sse": 8.280871661593139
}