{
    "rmse": 0.021394924365611984,
    "mean": 0.010403370178639694,
    "median": 0.006770685168353118,
    "std": 0.018695258156453672,
    "min": 0.001973975318755367,
    "max": 0.10266366753666296,
    "sse": 0.06408399040543603
}