{
    "rmse": 0.006115706042760165,
    "mean": 0.0055619517526107045,
    "median": 0.004688278308714152,
    "std": 0.0025429418206250613,
    "min": 0.002590778261522846,
    "max": 0.012732557785031394,
    "sse": 0.0014960744160581276
}