{
    "rmse": 0.16083492465623955,
    "mean": 0.10258897231991818,
    "median": 0.07794975571779271,
    "std": 0.12386838074150044,
    "min": 0.007977772540282459,
    "max": 0.6134697756967034,
    "sse": 4.268199043214413
}