{
    "rmse": 0.08196775456942652,
    "mean": 0.046116714228650865,
    "median": 0.029609868577075548,
    "std": 0.06776401300031376,
    "min": 0.00880284621698081,
    "max": 0.4502659169050918,
    "sse": 1.04140048231883
}