{
    "rmse": 0.00576441436473729,
    "mean": 0.005294828044506187,
    "median": 0.0046205868616306855,
    "std": 0.0022788744913883273,
    "min": 0.0026253459471779796,
    "max": 0.011531334732792345,
    "sse": 0.0011629965538936364
}