{
    "rmse": 0.006509230236125151,
    "mean": 0.005894052284551575,
    "median": 0.005339669122270183,
    "std": 0.0027622863598581225,
    "min": 0.001983068790956517,
    "max": 0.01282991815353275,
    "sse": 0.001906653522009865
}