{
    "rmse": 0.045749411932263256,
    "mean": 0.026662342518270266,
    "median": 0.015267075939863213,
    "std": 0.037176984595127534,
    "min": 0.008356255112617606,
    "max": 0.26868788397012994,
    "sse": 0.3139513038221868
}