{
    "rmse": 0.24387045459195866,
    "mean": 0.1788760333640686,
    "median": 0.12798431401020074,
    "std": 0.1657593536148871,
    "min": 0.024618208695515894,
    "max": 0.6993114488052808,
    "sse": 10.705103752119943
}