{
    "rmse": 0.003178341711121827,
    "mean": 0.0030903923783194747,
    "median": 0.003314798930191488,
    "std": 0.0007425166534709662,
    "min": 0.0020038803776675014,
    "max": 0.004121024608372685,
    "sse": 5.050928016328412e-05
}