{
    "rmse": 0.0053202490679832405,
    "mean": 0.004623054321216898,
    "median": 0.004164842553673888,
    "std": 0.0026329487060051705,
    "min": 0.001200493237287912,
    "max": 0.012306025029528081,
    "sse": 0.0025474545130838885
}