{
    "rmse": 0.030282607684711988,
    "mean": 0.01674314015593115,
    "median": 0.009578649491111204,
    "std": 0.025232986067943355,
    "min": 0.0047768202271709385,
    "max": 0.1306358727263409,
    "sse": 0.13297026758699576
}