{
    "rmse": 0.005528700950404376,
    "mean": 0.005100869711388983,
    "median": 0.004814856409739726,
    "std": 0.002132524885303033,
    "min": 0.0014514331311411886,
    "max": 0.012336410931826736,
    "sse": 0.0038208167748752814
}