{
    "rmse": 0.005468331261933353,
    "mean": 0.005050603551873617,
    "median": 0.0048300884002522295,
    "std": 0.0020961990726167277,
    "min": 0.0014041797887504837,
    "max": 0.01236285116809337,
    "sse": 0.0038873440827308908
}