{
    "rmse": 0.005213222286335685,
    "mean": 0.004563358233778752,
    "median": 0.0040974614779216035,
    "std": 0.0025206047363580705,
    "min": 0.0012073209204381769,
    "max": 0.012429437042192692,
    "sse": 0.0027177686606747065
}