{
    "rmse": 0.008750109645664627,
    "mean": 0.005799785980117235,
    "median": 0.004435089473097127,
    "std": 0.006551862437199725,
    "min": 0.0016351780255102453,
    "max": 0.075459077297477,
    "sse": 0.010336196539505675
}