{
    "rmse": 0.1229805812084047,
    "mean": 0.07230814342859257,
    "median": 0.054373822647893505,
    "std": 0.09947741325681476,
    "min": 0.006928529794092093,
    "max": 0.5980347818075511,
    "sse": 2.4198757366971235
}