{
    "rmse": 0.0054863486326519086,
    "mean": 0.004961348929031304,
    "median": 0.004561442633995148,
    "std": 0.00234201582475469,
    "min": 0.0012401770818144596,
    "max": 0.012341016907016174,
    "sse": 0.0034615024516851684
}