{
    "rmse": 0.004777903320271067,
    "mean": 0.0038751623725291062,
    "median": 0.0030935877576244073,
    "std": 0.002794901916774876,
    "min": 0.0009328955942822468,
    "max": 0.015189966845708227,
    "sse": 0.0005707090034464321
}