{
    "rmse": 0.0032747453759597797,
    "mean": 0.003183558644087484,
    "median": 0.0034586033698487187,
    "std": 0.0007674057838105054,
    "min": 0.0015581391469579103,
    "max": 0.004203112924505459,
    "sse": 0.00016085935916054938
}