{
    "rmse": 0.004935959476006813,
    "mean": 0.00424854077829206,
    "median": 0.003135870057007419,
    "std": 0.0025126872475441406,
    "min": 0.0009959400387383195,
    "max": 0.010633913648309568,
    "sse": 0.00134000327718298
}