{
    "rmse": 0.28085644434062407,
    "mean": 0.20445962391295505,
    "median": 0.13577539201958136,
    "std": 0.1925528616173518,
    "min": 0.061127633698853864,
    "max": 0.9176652250130758,
    "sse": 7.809153890438149
}