{
    "rmse": 0.22634060392167216,
    "mean": 0.1522394769044137,
    "median": 0.09685650612649518,
    "std": 0.16749092708411925,
    "min": 0.034159640839466904,
    "max": 0.778855139159613,
    "sse": 4.866856553444591
}