{
    "rmse": 0.0039701150819840296,
    "mean": 0.003702026416249718,
    "median": 0.0033966750070129675,
    "std": 0.0014341597461881054,
    "min": 0.0013582934659978497,
    "max": 0.006474320944017555,
    "sse": 0.00031523627528394114
}