{
    "rmse": 0.08340281908783745,
    "mean": 0.04323221802461853,
    "median": 0.02604118173314502,
    "std": 0.07132324695686808,
    "min": 0.01179158762522003,
    "max": 0.41637229995386965,
    "sse": 0.5912625697028762
}