{
    "rmse": 0.005112261707657311,
    "mean": 0.004552404723281367,
    "median": 0.0040373921434714065,
    "std": 0.0023261193011160784,
    "min": 0.0017330596174238242,
    "max": 0.012712601728287405,
    "sse": 0.0006533804941894812
}