{
    "rmse": 0.005048287726184346,
    "mean": 0.004450411326394792,
    "median": 0.003565711257696445,
    "std": 0.0023830753224018037,
    "min": 0.001155493433093044,
    "max": 0.011159122070856177,
    "sse": 0.001783964627644046
}