{
    "rmse": 0.0038358593558087146,
    "mean": 0.0035254900727868014,
    "median": 0.00348238431093327,
    "std": 0.001511534566004682,
    "min": 0.0012675996818298104,
    "max": 0.006243716730393481,
    "sse": 0.00022070725496317872
}