{
    "rmse": 0.005124651779288547,
    "mean": 0.004485258805093771,
    "median": 0.003402960849783267,
    "std": 0.002478812076437838,
    "min": 0.0012446989423170953,
    "max": 0.011382596270490522,
    "sse": 0.001575723351537916
}