{
    "rmse": 0.005252322567543697,
    "mean": 0.004571222372104999,
    "median": 0.003637713486430011,
    "std": 0.0025866616281020514,
    "min": 0.0006317126301582695,
    "max": 0.014401331980635548,
    "sse": 0.002069016926514661
}