{
    "rmse": 0.00587251443930932,
    "mean": 0.005270037543032338,
    "median": 0.005073781740125963,
    "std": 0.002590970886545456,
    "min": 0.0009001613870294336,
    "max": 0.010157474077276199,
    "sse": 0.001207024904396376
}