{
    "rmse": 0.005224797236221853,
    "mean": 0.004573514069006421,
    "median": 0.003853136045241161,
    "std": 0.002526158193825526,
    "min": 0.0012540368182320676,
    "max": 0.011160809720151117,
    "sse": 0.0017744029003760485
}