{
    "rmse": 0.005514328262271855,
    "mean": 0.00480399208982712,
    "median": 0.004740686068787743,
    "std": 0.002707300534659683,
    "min": 0.0005228864660101732,
    "max": 0.009936472838139835,
    "sse": 0.0012163126473636056
}