{
    "rmse": 0.005261523166833233,
    "mean": 0.004514895159053888,
    "median": 0.0037488787677964746,
    "std": 0.002701730508003079,
    "min": 0.00024733520825613646,
    "max": 0.010041493120793077,
    "sse": 0.0012457631715805265
}