{
    "rmse": 0.14897016921983405,
    "mean": 0.08979068898653113,
    "median": 0.05705232071997185,
    "std": 0.11886859757189881,
    "min": 0.007919178372748668,
    "max": 0.7525594587283646,
    "sse": 1.997290018564739
}