{
    "rmse": 0.006073786561345349,
    "mean": 0.005493081447443161,
    "median": 0.005257561898201516,
    "std": 0.0025917058869661734,
    "min": 0.0018542589021592539,
    "max": 0.010374013481443373,
    "sse": 0.0011067264957833806
}