{
    "rmse": 0.005092981858970064,
    "mean": 0.004382746272524486,
    "median": 0.0034414110168203187,
    "std": 0.002594224224401371,
    "min": 0.0006539081338197822,
    "max": 0.010285676131898076,
    "sse": 0.0012969232107899087
}