{
    "rmse": 0.018596072467205314,
    "mean": 0.010162654181029079,
    "median": 0.005901762249707767,
    "std": 0.01557351505609327,
    "min": 0.002779408841407842,
    "max": 0.09345787064923056,
    "sse": 0.027665112896444126
}