{
    "rmse": 0.0037999758847469403,
    "mean": 0.003410731595660519,
    "median": 0.0034031712873183358,
    "std": 0.0016753288354891228,
    "min": 0.0010963429270841015,
    "max": 0.006163235614818387,
    "sse": 0.0001443981672465829
}