{
    "rmse": 0.00387766801159744,
    "mean": 0.0037561131318093652,
    "median": 0.0036356566763388032,
    "std": 0.0009632877810993383,
    "min": 0.00250483535963469,
    "max": 0.005195151535635669,
    "sse": 7.518154604083022e-05
}