{
    "rmse": 0.004768561265219727,
    "mean": 0.0043012890363203155,
    "median": 0.0035682845139545943,
    "std": 0.0020586619844414995,
    "min": 0.0010366299419161562,
    "max": 0.008089356751640646,
    "sse": 0.00045478353080307933
}