{
    "rmse": 0.013233373904963883,
    "mean": 0.011816439672887712,
    "median": 0.010594136142464725,
    "std": 0.005957678941130043,
    "min": 0.0013035047817286163,
    "max": 0.025892735043356083,
    "sse": 0.013134163868143428
}