{
    "rmse": 0.0178693677130357,
    "mean": 0.015595812237368651,
    "median": 0.013340521223961585,
    "std": 0.008722668348643377,
    "min": 0.00399637296579089,
    "max": 0.03915700562952382,
    "sse": 0.053964117116362384
}