{
    "rmse": 0.0029505375965728853,
    "mean": 0.00257972958509232,
    "median": 0.0025064944688188307,
    "std": 0.0014320151453771374,
    "min": 0.0009983175540948539,
    "max": 0.005798817495742592,
    "sse": 8.705672108790098e-05
}