{
    "rmse": 0.013110584826104717,
    "mean": 0.011813020602799887,
    "median": 0.010667789255133824,
    "std": 0.0056868250122816925,
    "min": 0.00146778325370367,
    "max": 0.02480098411847551,
    "sse": 0.012032120413774107
}