{
    "rmse": 0.013136857588413002,
    "mean": 0.011956151804040867,
    "median": 0.011949378421526297,
    "std": 0.00544311136547605,
    "min": 0.0020778067029319494,
    "max": 0.02296551299993594,
    "sse": 0.010354621637894659
}