{
    "rmse": 0.014766290026379372,
    "mean": 0.012480381749978684,
    "median": 0.009357909102645081,
    "std": 0.007891982800155479,
    "min": 0.0026261592386832874,
    "max": 0.044776517190999954,
    "sse": 0.030526064960041125
}