{
    "rmse": 0.01712560423397777,
    "mean": 0.014697546302550409,
    "median": 0.012269871345396099,
    "std": 0.008790247611030314,
    "min": 0.0017808350871198267,
    "max": 0.037551679981537606,
    "sse": 0.045459379658719795
}