{
    "rmse": 0.013019125621423518,
    "mean": 0.011640493353329017,
    "median": 0.009550279514962845,
    "std": 0.005830655746784344,
    "min": 0.001504369340858324,
    "max": 0.02772433501620984,
    "sse": 0.020339715833568757
}