{
    "rmse": 0.008701209540367072,
    "mean": 0.008030357547904779,
    "median": 0.0073397823912340265,
    "std": 0.0033502843339310306,
    "min": 0.0021163232663071706,
    "max": 0.015264376802937645,
    "sse": 0.003028441898614998
}