{
    "rmse": 0.005747002172989309,
    "mean": 0.005143493494421503,
    "median": 0.0051265392481905135,
    "std": 0.0025636904355221053,
    "min": 0.0011968903510096753,
    "max": 0.00962847521930657,
    "sse": 0.0008257008494085959
}