{
    "rmse": 0.013265016082581075,
    "mean": 0.01189431675992149,
    "median": 0.009765904530901901,
    "std": 0.005872468006365405,
    "min": 0.0008961326529598911,
    "max": 0.027364148947901252,
    "sse": 0.0193556716838248
}