{
    "rmse": 0.013450672292746008,
    "mean": 0.012093226260485803,
    "median": 0.010240938314666726,
    "std": 0.005888502673816299,
    "min": 0.0006608199890674274,
    "max": 0.02723169746848276,
    "sse": 0.01899666143831874
}