{
    "rmse": 0.013633165676561646,
    "mean": 0.012276769226064218,
    "median": 0.01059385602923502,
    "std": 0.00592824963497162,
    "min": 0.0004853432182337153,
    "max": 0.02719150401292372,
    "sse": 0.018586320636457855
}