{
    "rmse": 0.013065838388338425,
    "mean": 0.01185042778976332,
    "median": 0.011255051683015764,
    "std": 0.005503044065767906,
    "min": 0.001706684539401249,
    "max": 0.02378632962798617,
    "sse": 0.011096548631361574
}