{
    "rmse": 0.01665399280535983,
    "mean": 0.01417517368469041,
    "median": 0.011467195926734227,
    "std": 0.008741849196242041,
    "min": 0.001727886366714764,
    "max": 0.038951678805255595,
    "sse": 0.04160332145414656
}