{
    "rmse": 0.010861463231844157,
    "mean": 0.009635928297451966,
    "median": 0.008743352232544768,
    "std": 0.005012012508271195,
    "min": 0.0025779889649947887,
    "max": 0.03115273970708366,
    "sse": 0.005308712259151613
}