{
    "rmse": 0.013556157490923105,
    "mean": 0.01199034913658456,
    "median": 0.010507824524277795,
    "std": 0.006324629119680974,
    "min": 0.0015218745351150945,
    "max": 0.027477994848713338,
    "sse": 0.015620399503090404
}