{
    "rmse": 0.01790632239473124,
    "mean": 0.01553999921599743,
    "median": 0.013206068964469977,
    "std": 0.008896336665777252,
    "min": 0.0030905740972642535,
    "max": 0.039087140295122905,
    "sse": 0.052905002981168826
}