{
    "rmse": 0.013152101870976768,
    "mean": 0.011975231291541362,
    "median": 0.012499621502814187,
    "std": 0.005437979324955105,
    "min": 0.0025549549195136366,
    "max": 0.022894928092939876,
    "sse": 0.009513778099350282
}