{
    "rmse": 0.007234713835375566,
    "mean": 0.006595988523467182,
    "median": 0.005671958533402111,
    "std": 0.0029722078793489306,
    "min": 0.0024540957999772345,
    "max": 0.011763610865913201,
    "sse": 0.001570232528393239
}