{
    "rmse": 0.013136305636989505,
    "mean": 0.011763135463235687,
    "median": 0.00962478975756643,
    "std": 0.0058473215972759,
    "min": 0.0011880798565906655,
    "max": 0.027536577613213764,
    "sse": 0.01984469046566626
}