{
    "rmse": 0.01761032720427728,
    "mean": 0.015179425676754043,
    "median": 0.01267051164848386,
    "std": 0.008927970674549092,
    "min": 0.0024713569394479726,
    "max": 0.038471458266237726,
    "sse": 0.04961977987867336
}