{
    "rmse": 0.013648318184902981,
    "mean": 0.012176716089092699,
    "median": 0.01115535344901352,
    "std": 0.006164752595358912,
    "min": 0.001229079236870859,
    "max": 0.027485234123320924,
    "sse": 0.016764893034871806
}