{
    "rmse": 0.012735677906088682,
    "mean": 0.0113190347227215,
    "median": 0.009012684928051483,
    "std": 0.005837546117458984,
    "min": 0.0020419720760001614,
    "max": 0.02833641748624863,
    "sse": 0.021085673924592603
}