{
    "rmse": 0.0030263057514307683,
    "mean": 0.002794688016752897,
    "median": 0.00295303200126827,
    "std": 0.001161139694507386,
    "min": 0.001211193534243376,
    "max": 0.004713934299508787,
    "sse": 4.579263250571473e-05
}