{
    "rmse": 0.01602334596045134,
    "mean": 0.013486364271275954,
    "median": 0.01053075046489362,
    "std": 0.008652490653607415,
    "min": 0.0018607854083986194,
    "max": 0.04114475713681875,
    "sse": 0.03722840428640528
}