{
    "rmse": 0.013771062370705028,
    "mean": 0.012377778195625974,
    "median": 0.011235710867000306,
    "std": 0.006035956076524595,
    "min": 0.0006244384688658747,
    "max": 0.027295597721543233,
    "sse": 0.018016005087695557
}