{
    "rmse": 0.0130184196832821,
    "mean": 0.011701083253362648,
    "median": 0.01097746313159164,
    "std": 0.005706478927319638,
    "min": 0.003167553655543509,
    "max": 0.025460418503262052,
    "sse": 0.008473962552503342
}