{
    "rmse": 0.01292843007603049,
    "mean": 0.011437384040093883,
    "median": 0.008817114757851777,
    "std": 0.006027482936534577,
    "min": 0.002497677458280126,
    "max": 0.028206584932845027,
    "sse": 0.022564481071159315
}