{
    "rmse": 0.012867130197146838,
    "mean": 0.011468217791426798,
    "median": 0.00919028909501052,
    "std": 0.005834639680282743,
    "min": 0.001786220843918374,
    "max": 0.02792778136971394,
    "sse": 0.020695379938791003
}