{
    "rmse": 0.004308317221216994,
    "mean": 0.003953919692233127,
    "median": 0.0030028854931016965,
    "std": 0.0017111739671950418,
    "min": 0.002229375490300514,
    "max": 0.007071118187243934,
    "sse": 0.0002784239591795238
}