{
    "rmse": 0.0074204591159540085,
    "mean": 0.006890197642033324,
    "median": 0.00651885517225988,
    "std": 0.002754703240870668,
    "min": 0.0018847895162636924,
    "max": 0.01149121292709117,
    "sse": 0.0019272124722040731
}