{
    "rmse": 0.013440225910010322,
    "mean": 0.011895256342386964,
    "median": 0.010583378382311126,
    "std": 0.00625640064741825,
    "min": 0.0011853815537599627,
    "max": 0.026956088694902954,
    "sse": 0.014451173800969025
}