{
    "rmse": 0.007002347629164228,
    "mean": 0.005882239673808591,
    "median": 0.005370571639994048,
    "std": 0.003798964166655704,
    "min": 0.0008747081346443006,
    "max": 0.026613966497912603,
    "sse": 0.008433654038981843
}