{
    "rmse": 0.004752550023464153,
    "mean": 0.004294758802976012,
    "median": 0.003973920631768848,
    "std": 0.0020351360027745483,
    "min": 0.0013043114586057843,
    "max": 0.01028274887356427,
    "sse": 0.0022586731725529117
}