{
    "mean_psnr": 20.5318910478247,
    "mean_ssim": 0.7779969028917533,
    "mean_lpips": 0.3203705113567818
}