{
    "mean_psnr": 21.604364814245113,
    "mean_ssim": 0.7489433367423413,
    "mean_lpips": 0.3267846107817017
}