{
    "mean_psnr": 23.728084631280584,
    "mean_ssim": 0.8169015205823458,
    "mean_lpips": 0.2997931781378421
}