{
    "rmse": 0.007439075660289427,
    "mean": 0.00699526942590781,
    "median": 0.007050783283221206,
    "std": 0.002531018043884711,
    "min": 0.0031376566891974924,
    "max": 0.011551953025379516,
    "sse": 0.0019368946337828701
}