{
    "rmse": 0.004603715900843087,
    "mean": 0.00413841683432388,
    "median": 0.003632636641928522,
    "std": 0.002016855523100301,
    "min": 0.0009804570484070808,
    "max": 0.008254724461266905,
    "sse": 0.0004238840019135095
}