{
    "rmse": 0.013394097059168743,
    "mean": 0.011989649180858512,
    "median": 0.009797441253809349,
    "std": 0.005970774535214975,
    "min": 0.001149316846133947,
    "max": 0.027085610872599503,
    "sse": 0.021528220323651932
}