{
    "rmse": 0.01579474630873312,
    "mean": 0.013793574125610325,
    "median": 0.01148362231524376,
    "std": 0.007694889459799397,
    "min": 0.0036333884154873685,
    "max": 0.03694396504586333,
    "sse": 0.041163211807944355
}