{
    "rmse": 0.015168377705786952,
    "mean": 0.013012542797523445,
    "median": 0.00994453128848019,
    "std": 0.007794447521667928,
    "min": 0.002766978731691568,
    "max": 0.039450570254395106,
    "sse": 0.03451195233381219
}