{
    "rmse": 0.014089990678410626,
    "mean": 0.012658924671756278,
    "median": 0.011670014584750078,
    "std": 0.006187039960473707,
    "min": 0.0010335611374858197,
    "max": 0.026582024775509683,
    "sse": 0.01886014454518134
}