{
    "rmse": 0.013429736038699019,
    "mean": 0.012256058461110483,
    "median": 0.011319574861499686,
    "std": 0.0054906139062015,
    "min": 0.003353945151926827,
    "max": 0.024656620145043218,
    "sse": 0.009919679553802217
}