{
    "rmse": 0.013704567646756016,
    "mean": 0.012257828400595442,
    "median": 0.011319912853360934,
    "std": 0.0061286880558621614,
    "min": 0.0016147588351952287,
    "max": 0.025077660218258763,
    "sse": 0.015025213950760938
}