{
    "rmse": 0.012683155739306192,
    "mean": 0.011256473646933007,
    "median": 0.00982162076600993,
    "std": 0.005844162946342132,
    "min": 0.003696376563624166,
    "max": 0.029116372720142454,
    "sse": 0.008043121975374781
}