{
    "rmse": 0.013024583105112076,
    "mean": 0.011570989291853385,
    "median": 0.009052899734611654,
    "std": 0.00597929526531223,
    "min": 0.0020223638335255256,
    "max": 0.027993422923882894,
    "sse": 0.022901368283366075
}