{
    "rmse": 0.013699631850536534,
    "mean": 0.012318098534904584,
    "median": 0.010335014139790773,
    "std": 0.005995361650861149,
    "min": 0.0006501036968564592,
    "max": 0.026721122168181434,
    "sse": 0.020644790412425854
}