{
    "rmse": 0.013515125221203576,
    "mean": 0.012115339219569246,
    "median": 0.01003315688435061,
    "std": 0.005989755031683702,
    "min": 0.0008487425440643494,
    "max": 0.026883822399299682,
    "sse": 0.021005740120653496
}