{
    "rmse": 0.005567833779363406,
    "mean": 0.005034201257755524,
    "median": 0.005007745237972713,
    "std": 0.00237856904272987,
    "min": 0.0012189094460973839,
    "max": 0.009307110526006347,
    "sse": 0.0007750193248655047
}