{
    "rmse": 0.0034817155830025866,
    "mean": 0.0034665631081539695,
    "median": 0.003519512647606014,
    "std": 0.00032447437203719944,
    "min": 0.003091232474846731,
    "max": 0.0038953506188927475,
    "sse": 6.061171700461521e-05
}