{
    "rmse": 0.0031865337503314333,
    "mean": 0.0029264827992615495,
    "median": 0.002646837629126931,
    "std": 0.0012608313795379599,
    "min": 0.0009677258961840086,
    "max": 0.005028091005512084,
    "sse": 0.00010153997342001311
}