{
    "rmse": 0.014842280915991391,
    "mean": 0.012656708159653344,
    "median": 0.009389963276338625,
    "std": 0.0077524861399790165,
    "min": 0.0032174726097395127,
    "max": 0.04092975064197054,
    "sse": 0.03194252890443433
}