{
    "rmse": 0.004524356753767886,
    "mean": 0.004157675553843258,
    "median": 0.0034675155617455346,
    "std": 0.0017842471870061166,
    "min": 0.0020133029279167103,
    "max": 0.007361452373206763,
    "sse": 0.00030704706053047626
}