{
    "rmse": 0.015362317772115316,
    "mean": 0.013275301790792962,
    "median": 0.01057523395845654,
    "std": 0.007730922952327181,
    "min": 0.0026447875269451928,
    "max": 0.038194363119148145,
    "sse": 0.036580125136374764
}