{
    "rmse": 0.01392060901951344,
    "mean": 0.012352412527233052,
    "median": 0.011134269849947706,
    "std": 0.0064188207819828435,
    "min": 0.0013771603157416276,
    "max": 0.026072194868545846,
    "sse": 0.016471585215303508
}