{
    "rmse": 0.013989669153806013,
    "mean": 0.012472909976641779,
    "median": 0.011699232383416835,
    "std": 0.006335405255194127,
    "min": 0.0014239748306366941,
    "max": 0.026468740970430595,
    "sse": 0.017613975872965627
}