{
    "rmse": 0.015729070115347157,
    "mean": 0.013796362461170698,
    "median": 0.011762987403433792,
    "std": 0.007554073704532346,
    "min": 0.004188375215359759,
    "max": 0.036750003424783725,
    "sse": 0.04205861993789619
}