{
    "rmse": 0.013259022673722856,
    "mean": 0.011840972062604314,
    "median": 0.009521820948847882,
    "std": 0.005965992195345291,
    "min": 0.0014517805655482564,
    "max": 0.027280813687877773,
    "sse": 0.021975210282787094
}