{
    "rmse": 0.009113761869960301,
    "mean": 0.008624519983077469,
    "median": 0.007515645792751219,
    "std": 0.0029458972290016586,
    "min": 0.0022384200985331505,
    "max": 0.013679107625109732,
    "sse": 0.003737729494005402
}