{
    "rmse": 0.013409452439448747,
    "mean": 0.012220562102951525,
    "median": 0.011753837339413094,
    "std": 0.005520079402847656,
    "min": 0.0018282440982870759,
    "max": 0.022867885374754985,
    "sse": 0.012586939030808656
}