{
    "rmse": 0.007197664558924058,
    "mean": 0.006506066962103424,
    "median": 0.005158489016793159,
    "std": 0.0030785496239979305,
    "min": 0.002334448725320694,
    "max": 0.012227723020454901,
    "sse": 0.001554191253083744
}