{
    "rmse": 0.008259646893621755,
    "mean": 0.00776406793194855,
    "median": 0.007949376421329124,
    "std": 0.002817980829495416,
    "min": 0.0022734724239763288,
    "max": 0.014987326628864357,
    "sse": 0.0027288706722926204
}