{
    "rmse": 0.015692266234098938,
    "mean": 0.013760476226217159,
    "median": 0.011717618454460068,
    "std": 0.00754297776674133,
    "min": 0.00427278039274771,
    "max": 0.03674912801618193,
    "sse": 0.04210827454507492
}