{
    "rmse": 0.013121768621809039,
    "mean": 0.011683865363232,
    "median": 0.009314523603944014,
    "std": 0.005972277784745103,
    "min": 0.0017454239027914192,
    "max": 0.027621916870190062,
    "sse": 0.022383505529357996
}