{
    "rmse": 0.013502452441942392,
    "mean": 0.012202531811539262,
    "median": 0.011271603298887076,
    "std": 0.005780522410240135,
    "min": 0.0015289987446007551,
    "max": 0.02394573668562378,
    "sse": 0.013673716646018704
}