{
    "rmse": 0.013446159640420327,
    "mean": 0.012320821479228883,
    "median": 0.012264622965939819,
    "std": 0.005384846065825907,
    "min": 0.002288689117618215,
    "max": 0.022729841557403447,
    "sse": 0.011751948589918454
}