{
    "rmse": 0.013889385262477382,
    "mean": 0.012522971078700105,
    "median": 0.010696305386867463,
    "std": 0.006007513489919491,
    "min": 0.0005752938359262683,
    "max": 0.026572074887762205,
    "sse": 0.020256077411800008
}