{
    "rmse": 0.013457679465318775,
    "mean": 0.012348046529064436,
    "median": 0.012455575747782343,
    "std": 0.005351157211979699,
    "min": 0.002797373425696354,
    "max": 0.023169680958970523,
    "sse": 0.010866548195475759
}