{
    "rmse": 0.014067471699571584,
    "mean": 0.012696555426388437,
    "median": 0.011511705234194081,
    "std": 0.006057329471218629,
    "min": 0.0006665668239629438,
    "max": 0.026537190156964038,
    "sse": 0.019789376001824746
}