{
    "rmse": 0.015602069723368583,
    "mean": 0.013554011825921638,
    "median": 0.011063968570458296,
    "std": 0.007727440913758645,
    "min": 0.003043679748937999,
    "max": 0.03741488252477305,
    "sse": 0.038947932744456744
}