{
    "rmse": 0.013454044854844149,
    "mean": 0.01184370859238938,
    "median": 0.008889299902486627,
    "std": 0.006382624047734619,
    "min": 0.0025240958887636318,
    "max": 0.02889927128061477,
    "sse": 0.025341585213862164
}