{
    "mean_psnr": 21.657597933699,
    "mean_ssim": 0.7543737053021683,
    "mean_lpips": 0.31158314602816756
}