{
    "mean_psnr": 27.78483241822075,
    "mean_ssim": 0.7592379398356179,
    "mean_lpips": 0.4212385363589029
}